locationGroupIdentifier,location.locationIdentifier,locationGroupType,locationGroupName,sourceLink
N-Reg,FAA - Washington,CUSTOMER,Northern region,http://lighttree.com/N-Reg
N-Reg,QPWD - Ville de Qu√©bec,CUSTOMER,Northern region,http://lighttree.com/N-Reg
N-Reg,MAHD - Boston,CUSTOMER,Northern region,http://lighttree.com/N-Reg
N-Reg,NYDOT - New Rochelle,CUSTOMER,Northern region,http://lighttree.com/N-Reg
N-US-Supp,Alumi-lux - Nashua,SUPPLIER,North US Suppliers,http://lighttree.com/N-US-Supp
N-US-Supp,Amos - Philadelphia,SUPPLIER,North US Suppliers,http://lighttree.com/N-US-Supp
N-US-Supp,Benchmark - Wheaton,SUPPLIER,North US Suppliers,http://lighttree.com/N-US-Supp
N-US-Supp,Core - Saranac Lake,SUPPLIER,North US Suppliers,http://lighttree.com/N-US-Supp
N-US-Supp,F & M - Columbus,SUPPLIER,North US Suppliers,http://lighttree.com/N-US-Supp
N-US-Supp,Flexilux - Worcester,SUPPLIER,North US Suppliers,http://lighttree.com/N-US-Supp
N-US-Supp,Glickman - Waterford,SUPPLIER,North US Suppliers,http://lighttree.com/N-US-Supp
N-US-Supp,Howard - Vineyard Haven,SUPPLIER,North US Suppliers,http://lighttree.com/N-US-Supp
N-US-Supp,Lex - Ocean Pines,SUPPLIER,North US Suppliers,http://lighttree.com/N-US-Supp
N-US-Supp,McGrey - Mt Sterling,SUPPLIER,North US Suppliers,http://lighttree.com/N-US-Supp
N-US-Supp,Mueller - Pittsburgh,SUPPLIER,North US Suppliers,http://lighttree.com/N-US-Supp
N-US-Supp,Plastico - Glen Allen,SUPPLIER,North US Suppliers,http://lighttree.com/N-US-Supp
N-US-Supp,Press - Albany,SUPPLIER,North US Suppliers,http://lighttree.com/N-US-Supp
N-US-Supp,R.G.D. - Oxon Hill,SUPPLIER,North US Suppliers,http://lighttree.com/N-US-Supp
N-US-Supp,Ripley - Trenton,SUPPLIER,North US Suppliers,http://lighttree.com/N-US-Supp